frequency_Hz,gain_dB,phase_deg
1,-0.000171449204949,-0.359995262702
1.01157945426,-0.000175442689291,-0.364163699759
1.02329299228,-0.000179529190037,-0.368380401121
1.03514216668,-0.000183710873627,-0.372645925522
1.04712854805,-0.000187989956976,-0.376960838165
1.05925372518,-0.000192368708614,-0.381325710791
1.07151930524,-0.000196849449912,-0.385741121756
1.08392691402,-0.000201434556295,-0.390207656109
1.09647819614,-0.000206126458512,-0.394725905667
1.10917481526,-0.000210927643928,-0.399296469093
1.1220184543,-0.000215840657823,-0.403919951979
1.13501081567,-0.000220868104757,-0.40859696692
1.1481536215,-0.000226012649951,-0.413328133602
1.16144861384,-0.000231277020688,-0.418114078877
1.17489755494,-0.000236664007766,-0.42295543685
1.18850222744,-0.000242176466974,-0.42785284896
1.20226443462,-0.000247817320608,-0.432806964069
1.21618600065,-0.000253589559021,-0.437818438542
1.23026877081,-0.000259496242193,-0.442887936338
1.24451461177,-0.000265540501375,-0.448016129097
1.25892541179,-0.000271725540732,-0.453203696225
1.27350308102,-0.000278054639044,-0.458451324989
1.28824955169,-0.000284531151446,-0.463759710604
1.30316677845,-0.000291158511201,-0.469129556327
1.31825673856,-0.00029794023153,-0.474561573547
1.33352143216,-0.000304879907453,-0.480056481882
1.34896288259,-0.000311981217715,-0.485615009271
1.36458313659,-0.000319247926721,-0.491237892073
1.3803842646,-0.000326683886537,-0.496925875161
1.39636836106,-0.000334293038928,-0.502679712023
1.41253754462,-0.000342079417445,-0.508500164859
1.42889395851,-0.000350047149567,-0.514388004684
1.44543977075,-0.000358200458875,-0.520344011427
1.46217717446,-0.000366543667311,-0.526368974034
1.47910838817,-0.000375081197446,-0.532463690576
1.49623565609,-0.000383817574827,-0.538628968349
1.51356124844,-0.000392757430389,-0.544865623982
1.53108746168,-0.000401905502884,-0.551174483546
1.54881661891,-0.000411266641415,-0.557556382661
1.56675107011,-0.000420845807985,-0.564012166608
1.58489319246,-0.000430648080135,-0.570542690439
1.60324539069,-0.000440678653631,-0.577148819087
1.62181009736,-0.000450942845214,-0.583831427487
1.6405897732,-0.000461446095421,-0.590591400682
1.65958690744,-0.000472193971461,-0.597429633948
1.67880401812,-0.000483192170156,-0.604347032905
1.69824365246,-0.000494446520976,-0.61134451364
1.71790838716,-0.000505962989113,-0.618423002827
1.73780082875,-0.000517747678637,-0.625583437846
1.75792361396,-0.000529806835741,-0.632826766913
1.77827941004,-0.000542146852031,-0.640153949195
1.79887091513,-0.000554774267934,-0.647565954943
1.81970085861,-0.000567695776125,-0.65506376562
1.84077200147,-0.000580918225111,-0.662648374023
1.86208713666,-0.00059444862282,-0.670320784422
1.88364908949,-0.000608294140345,-0.678082012685
1.90546071796,-0.000622462115709,-0.685933086415
1.92752491319,-0.000636960057765,-0.693875045084
1.94984459976,-0.000651795650171,-0.701908940169
1.97242273611,-0.000666976755453,-0.71003583529
1.99526231497,-0.000682511419168,-0.718256806351
2.01836636368,-0.000698407874162,-0.726572941677
2.04173794467,-0.000714674544926,-0.734985342163
2.06538015581,-0.000731320052054,-0.74349512141
2.08929613085,-0.000748353216804,-0.752103405881
2.11348903984,-0.000765783065774,-0.760811335037
2.1379620895,-0.000783618835667,-0.769620061498
2.16271852373,-0.000801869978183,-0.778530751183
2.18776162395,-0.00082054616502,-0.787544583471
2.21309470961,-0.00083965729299,-0.796662751351
2.23872113857,-0.000859213489259,-0.805886461578
2.26464430759,-0.000879225116696,-0.815216934833
2.29086765277,-0.000899702779357,-0.824655405879
2.31739464997,-0.000920657328102,-0.834203123726
2.34422881532,-0.000942099866325,-0.843861351794
2.37137370566,-0.000964041755828,-0.853631368073
2.39883291902,-0.000986494622837,-0.863514465295
2.42661009508,-0.00100947036413,-0.873511951103
2.45470891569,-0.00103298115337,-0.883625148216
2.4831331053,-0.00105703944748,-0.893855394606
2.51188643151,-0.00108165799328,-0.904204043673
2.54097270555,-0.00110684983421,-0.914672464416
2.57039578277,-0.00113262831723,-0.925262041619
2.60015956317,-0.00115900709985,-0.935974176023
2.6302679919,-0.00118600015738,-0.946810284514
2.6607250598,-0.00121362179032,-0.957771800306
2.69153480393,-0.00124188663188,-0.968860173126
2.72270130808,-0.00127080965575,-0.980076869402
2.75422870334,-0.00130040618399,-0.991423372457
2.78612116863,-0.00133069189513,-1.0029011827
2.81838293126,-0.00136168283248,-1.0145118178
2.8510182675,-0.00139339541256,-1.02625681295
2.88403150313,-0.0014258464338,-1.03813772096
2.917427014,-0.00145905308541,-1.05015611255
2.95120922667,-0.00149303295646,-1.06231357653
2.98538261892,-0.00152780404517,-1.07461171996
3.0199517204,-0.00156338476838,-1.08705216842
3.05492111322,-0.00159979397134,-1.09963656618
3.09029543251,-0.00163705093761,-1.11236657644
3.12607936712,-0.00167517539923,-1.12524388151
3.16227766017,-0.00171418754718,-1.13827018307
3.19889510969,-0.00175410804202,-1.15144720235
3.2359365693,-0.00179495802477,-1.16477668038
3.27340694879,-0.00183675912809,-1.17826037818
3.31131121483,-0.00187953348769,-1.19190007703
3.34965439158,-0.00192330375399,-1.20569757868
3.38844156139,-0.0019680931041,-1.21965470557
3.42767786546,-0.00201392525403,-1.23377330107
3.46736850453,-0.00206082447116,-1.24805522973
3.50751873953,-0.0021088155871,-1.2625023775
3.54813389234,-0.00215792401076,-1.27711665199
3.58921934645,-0.0022081757417,-1.29189998269
3.6307805477,-0.00225959738389,-1.30685432125
3.67282300498,-0.00231221615973,-1.32198164169
3.71535229097,-0.00236605992434,-1.33728394069
3.75837404288,-0.00242115718029,-1.35276323782
3.80189396321,-0.0024775370926,-1.3684215758
3.84591782045,-0.00253522950409,-1.38426102078
3.89045144994,-0.00259426495111,-1.40028366256
3.93550075456,-0.00265467467959,-1.41649161491
3.98107170554,-0.00271649066155,-1.43288701579
4.02717034325,-0.00277974561187,-1.44947202765
4.07380277804,-0.00284447300553,-1.46624883771
4.12097519097,-0.00291070709521,-1.4832196582
4.1686938347,-0.00297848292935,-1.50038672667
4.21696503429,-0.00304783637053,-1.51775230627
4.26579518802,-0.00311880411439,-1.53531868602
4.31519076828,-0.00319142370886,-1.55308818111
4.3651583224,-0.00326573357397,-1.57106313321
4.41570447353,-0.00334177302196,-1.58924591071
4.46683592151,-0.00341958227802,-1.60763890906
4.51855944375,-0.00349920250137,-1.62624455108
4.57088189615,-0.0035806758069,-1.64506528723
4.62381021399,-0.00366404528729,-1.66410359592
4.67735141287,-0.00374935503562,-1.68336198384
4.73151258961,-0.00383665016852,-1.70284298627
4.78630092323,-0.00392597684987,-1.72254916736
4.84172367584,-0.00401738231497,-1.74248312051
4.89778819368,-0.00411091489536,-1.76264746862
4.95450190805,-0.00420662404417,-1.78304486449
5.01187233627,-0.00430456036199,-1.80367799107
5.06990708275,-0.00440477562347,-1.82454956185
5.12861383991,-0.00450732280439,-1.84566232119
5.18800038929,-0.00461225610942,-1.86701904461
5.2480746025,-0.00471963100053,-1.88862253919
5.30884444231,-0.004829504226,-1.91047564387
5.3703179637,-0.00494193385016,-1.93258122982
5.43250331492,-0.00505697928372,-1.95494220079
5.49540873858,-0.00517470131488,-1.97756149344
5.5590425727,-0.00529516214109,-2.00044207773
5.6234132519,-0.00541842540162,-2.02358695727
5.68852930844,-0.00554455621073,-2.04699916966
5.75439937337,-0.00567362119176,-2.0706817869
5.82103217771,-0.00580568851187,-2.0946379157
5.88843655356,-0.00594082791764,-2.11887069793
5.95662143529,-0.00607911077149,-2.14338331092
6.02559586074,-0.00622061008886,-2.16817896791
6.0953689724,-0.00636540057631,-2.19326091837
6.16595001861,-0.00651355867047,-2.21863244842
6.23734835482,-0.00666516257782,-2.24429688124
6.3095734448,-0.00682029231546,-2.27025757741
6.38263486191,-0.00697902975276,-2.29651793535
6.45654229035,-0.00714145865394,-2.3230813917
6.53130552647,-0.00730766472164,-2.34995142175
6.60693448008,-0.00747773564152,-2.3771315398
6.68343917569,-0.00765176112777,-2.4046252996
6.76082975392,-0.00782983296974,-2.43243629477
6.83911647281,-0.00801204507957,-2.4605681592
6.91830970919,-0.00819849354096,-2.48902456748
6.99841996002,-0.00838927665895,-2.51780923531
7.07945784384,-0.00858449501092,-2.54692591993
7.16143410213,-0.0087842514987,-2.57637842057
7.24435960075,-0.00898865140181,-2.60617057886
7.32824533139,-0.00919780243198,-2.63630627926
7.41310241301,-0.00941181478888,-2.66678944954
7.49894209332,-0.00963080121702,-2.69762406115
7.58577575029,-0.00985487706407,-2.72881412974
7.67361489362,-0.0100841603404,-2.76036371557
7.76247116629,-0.0103187717798,-2.79227692397
7.8523563461,-0.0105588349022,-2.82455790577
7.94328234724,-0.0108044760766,-2.8572108578
8.03526122186,-0.011055824587,-2.89024002331
8.12830516164,-0.0113130126981,-2.92364969247
8.22242649947,-0.011576175724,-2.95744420281
8.31763771103,-0.0118454520972,-2.99162793966
8.41395141645,-0.0121209834401,-3.02620533671
8.51138038202,-0.0124029146375,-3.06118087639
8.60993752185,-0.0126913939107,-3.09655909038
8.70963589956,-0.0129865728939,-3.1323445601
8.81048873008,-0.0132886067113,-3.1685419172
8.91250938134,-0.0135976540568,-3.20515584399
9.01571137606,-0.0139138772749,-3.24219107398
9.12010839356,-0.0142374424439,-3.27965239235
9.22571427155,-0.0145685194602,-3.31754463641
9.33254300797,-0.014907282125,-3.35587269614
9.44060876286,-0.0152539082333,-3.39464151464
9.54992586021,-0.0156085796635,-3.43385608867
9.6605087899,-0.0159714824706,-3.4735214691
9.77237220956,-0.0163428069802,-3.51364276142
9.88553094657,-0.0167227478853,-3.55422512626
10,-0.0171115043446,-3.59527377987
10.1157945426,-0.0175092800837,-3.63679399462
10.2329299228,-0.017916283498,-3.67879109952
10.3514216668,-0.0183327277576,-3.7212704807
10.4712854805,-0.0187588309154,-3.76423758194
10.5925372518,-0.0191948160163,-3.80769790513
10.7151930524,-0.0196409112101,-3.85165701083
10.8392691402,-0.0200973498657,-3.89612051872
10.9647819614,-0.0205643706884,-3.94109410816
11.0917481526,-0.0210422178396,-3.98658351863
11.220184543,-0.0215311410588,-4.03259455028
11.3501081567,-0.0220313957888,-4.07913306442
11.481536215,-0.0225432433031,-4.12620498402
11.6144861384,-0.0230669508361,-4.17381629419
11.7489755494,-0.023602791716,-4.22197304272
11.8850222744,-0.024151045501,-4.27068134054
12.0226443462,-0.0247119981178,-4.31994736222
12.1618600065,-0.0252859420033,-4.36977734649
12.3026877081,-0.0258731762492,-4.42017759669
12.4451461177,-0.02647400675,-4.47115448129
12.5892541179,-0.0270887463537,-4.52271443435
12.7350308102,-0.0277177150154,-4.57486395601
12.8824955169,-0.0283612399552,-4.62760961297
13.0316677845,-0.0290196558181,-4.68095803895
13.1825673856,-0.0296933048381,-4.73491593517
13.3352143216,-0.0303825370052,-4.7894900708
13.4896288259,-0.0310877102366,-4.84468728343
13.6458313659,-0.0318091905499,-4.90051447952
13.803842646,-0.032547352242,-4.95697863481
13.9636836106,-0.0333025780695,-5.01408679483
14.1253754462,-0.0340752594345,-5.07184607524
14.2889395851,-0.0348657965729,-5.13026366235
14.4543977075,-0.0356745987478,-5.18934681343
14.6217717446,-0.0365020844451,-5.24910285723
14.7910838817,-0.037348681575,-5.30953919428
14.9623565609,-0.0382148276757,-5.37066329733
15.1356124844,-0.0391009701227,-5.43248271172
15.3108746168,-0.040007566341,-5.49500505573
15.4881661891,-0.0409350840226,-5.55823802096
15.6675107011,-0.041884001347,-5.62218937264
15.8489319246,-0.0428548072076,-5.68686695001
16.0324539069,-0.0438480014412,-5.75227866657
16.2181009736,-0.0448640950624,-5.81843251045
16.405897732,-0.0459036105027,-5.88533654465
16.5958690744,-0.0469670818542,-5.95299890732
16.7880401812,-0.0480550551175,-6.02142781204
16.9824365246,-0.0491680884548,-6.09063154805
17.1790838716,-0.0503067524476,-6.16061848044
17.3780082875,-0.0514716303594,-6.23139705039
17.5792361396,-0.0526633184029,-6.30297577532
17.7827941004,-0.0538824260126,-6.37536324911
17.9887091513,-0.055129576122,-6.44856814214
18.1970085861,-0.0564054054468,-6.52259920151
18.4077200147,-0.0577105647718,-6.59746525106
18.6208713666,-0.0590457192442,-6.6731751915
18.8364908949,-0.0604115486718,-6.74973800039
19.0546071796,-0.061808747826,-6.8271627322
19.2752491319,-0.0632380267513,-6.90545851828
19.4984459976,-0.0647001110789,-6.98463456685
19.7242273611,-0.0661957423467,-7.06470016288
19.9526231497,-0.0677256783242,-7.14566466803
20.1836636368,-0.0692906933437,-7.22753752049
20.4173794467,-0.0708915786362,-7.31032823484
20.6538015581,-0.0725291426734,-7.39404640181
20.8929613085,-0.0742042115153,-7.47870168807
21.1348903984,-0.075917629164,-7.56430383595
21.379620895,-0.0776702579217,-7.65086266309
21.6271852373,-0.0794629787567,-7.73838806212
21.8776162395,-0.0812966916728,-7.82689000024
22.1309470961,-0.0831723160865,-7.91637851878
22.3872113857,-0.0850907912087,-8.00686373271
22.6464430759,-0.0870530764331,-8.09835583008
22.9086765277,-0.0890601517292,-8.19086507147
23.1739464997,-0.0911130180428,-8.28440178934
23.4422881532,-0.0932126977009,-8.37897638729
23.7137370566,-0.095360234823,-8.47459933941
23.9883291902,-0.0975566957381,-8.57128118938
24.2661009508,-0.0998031694076,-8.66903254969
24.5470891569,-0.102100767854,-8.76786410066
24.831331053,-0.104450626594,-8.8677865895
25.1188643151,-0.106853905079,-8.96881082922
25.4097270555,-0.109311787143,-9.07094769758
25.7039578277,-0.111825481449,-9.17420813585
26.0015956317,-0.114396221947,-9.27860314759
26.302679919,-0.117025268338,-9.38414379731
26.607250598,-0.119713906541,-9.49084120908
26.9153480393,-0.122463449159,-9.59870656506
27.2270130808,-0.125275235967,-9.70775110392
27.5422870334,-0.128150634384,-9.81798611923
27.8612116863,-0.131091039967,-9.92942295771
28.1838293126,-0.134097876902,-10.0420730174
28.510182675,-0.137172598496,-10.1559477459
28.8403150313,-0.140316687683,-10.2710586381
29.17427014,-0.143531657526,-10.3874172345
29.5120922667,-0.146819051729,-10.5050351184
29.8538261892,-0.150180445145,-10.6239239145
30.199517204,-0.153617444297,-10.7440952856
30.5492111322,-0.157131687895,-10.8655609307
30.9029543251,-0.160724847359,-10.9883325822
31.2607936712,-0.164398627347,-11.1124220032
31.6227766017,-0.168154766279,-11.2378409846
31.9889510969,-0.17199503687,-11.3646013424
32.359365693,-0.175921246662,-11.4927149144
32.7340694879,-0.179935238555,-11.622193557
33.1131121483,-0.184038891346,-11.753049142
33.4965439158,-0.188234120261,-11.8852935532
33.8844156139,-0.192522877492,-12.0189386827
34.2767786546,-0.196907152731,-12.1539964274
34.6736850453,-0.20138897371,-12.2904786847
35.0751873953,-0.20597040673,-12.428397349
35.4813389234,-0.210653557196,-12.5677643076
35.8921934645,-0.215440570147,-12.7085914358
36.307805477,-0.220333630784,-12.8508905933
36.7282300498,-0.225334964995,-12.994673619
37.1535229097,-0.230446839877,-13.1399523265
37.5837404288,-0.235671564249,-13.2867384993
38.0189396321,-0.241011489168,-13.4350438857
38.4591782045,-0.246469008431,-13.5848801934
38.9045144994,-0.252046559078,-13.7362590843
39.3550075456,-0.257746621879,-13.8891921692
39.8107170554,-0.263571721821,-14.0436910015
40.2717034325,-0.269524428584,-14.1997670719
40.7380277804,-0.275607357004,-14.3574318018
41.2097519097,-0.281823167529,-14.5166965375
41.686938347,-0.288174566661,-14.6775725437
42.1696503429,-0.29466430739,-14.8400709968
42.6579518802,-0.301295189608,-15.0042029778
43.1519076828,-0.308070060514,-15.1699794662
43.651583224,-0.314991815003,-15.3374113319
44.1570447353,-0.322063396035,-15.5065093285
44.6683592151,-0.32928779499,-15.6772840854
45.1855944375,-0.336668052004,-15.8497461003
45.7088189615,-0.344207256281,-16.0239057313
46.2381021399,-0.351908546392,-16.1997731884
46.7735141287,-0.359775110542,-16.3773585258
47.3151258961,-0.36781018682,-16.5566716331
47.8630092323,-0.376017063426,-16.7377222265
48.4172367584,-0.384399078862,-16.9205198402
48.9778819368,-0.392959622105,-17.1050738171
49.5450190805,-0.401702132748,-17.2913932999
50.1187233627,-0.410630101111,-17.4794872213
50.6990708275,-0.419747068315,-17.6693642945
51.2861383991,-0.429056626334,-17.8610330035
51.8800038929,-0.438562418001,-18.054501593
52.480746025,-0.448268136983,-18.2497780583
53.0884444231,-0.458177527718,-18.446870135
53.703179637,-0.468294385314,-18.6457852885
54.3250331492,-0.478622555401,-18.846530703
54.9540873858,-0.489165933949,-19.0491132713
55.590425727,-0.499928467036,-19.2535395833
56.234132519,-0.510914150571,-19.459815915
56.8852930844,-0.522127029971,-19.6679482174
57.5439937337,-0.53357119979,-19.8779421047
58.2103217771,-0.545250803295,-20.0898028433
58.8843655356,-0.55717003199,-20.3035353394
59.5662143529,-0.569333125091,-20.519144128
60.2559586074,-0.581744368934,-20.7366333604
60.953689724,-0.594408096344,-20.9560067927
61.6595001861,-0.607328685927,-21.1772677732
62.3734835482,-0.620510561312,-21.4004192308
63.095734448,-0.633958190331,-21.6254636624
63.8263486191,-0.647676084136,-21.8524031208
64.5654229035,-0.661668796246,-22.0812392026
65.3130552647,-0.675940921532,-22.3119730353
66.0693448008,-0.69049709514,-22.5446052658
66.8343917569,-0.705341991333,-22.7791360474
67.6082975392,-0.720480322276,-23.0155650277
68.3911647281,-0.735916836741,-23.2538913365
69.1830970919,-0.751656318744,-23.4941135735
69.9841996002,-0.767703586108,-23.7362297961
70.7945784384,-0.784063488953,-23.9802375074
71.6143410213,-0.800740908109,-24.2261336441
72.4435960075,-0.817740753454,-24.4739145652
73.2824533139,-0.835067962178,-24.7235760395
74.1310241301,-0.852727496967,-24.975113235
74.9894209332,-0.870724344111,-25.2285207069
75.8577575029,-0.889063511534,-25.4837923867
76.7361489362,-0.90775002675,-25.7409215717
77.6247116629,-0.926788934736,-25.9999009137
78.523563461,-0.946185295727,-26.2607224092
79.4328234724,-0.965944182943,-26.5233773892
80.3526122186,-0.986070680227,-26.7878565093
81.2830516164,-1.00656987961,-27.0541497408
82.2242649947,-1.02744687882,-27.3222463611
83.1763771103,-1.04870677866,-27.5921349456
84.1395141645,-1.07035468042,-27.8638033591
85.1138038202,-1.09239568305,-28.1372387487
86.0993752185,-1.11483488047,-28.4124275357
87.0963589956,-1.13767735863,-28.6893554095
88.1048873008,-1.16092819258,-28.9680073211
89.1250938134,-1.1845924435,-29.2483674775
90.1571137606,-1.20867515563,-29.5304193365
91.2010839356,-1.23318135312,-29.814145602
92.2571427155,-1.2581160369,-30.0995282206
93.3254300797,-1.28348418137,-30.3865483777
94.4060876286,-1.30929073121,-30.6751864954
95.4992586021,-1.33554059797,-30.9654222302
96.605087899,-1.3622386567,-31.2572344721
97.7237220956,-1.38938974259,-31.5506013439
98.8553094657,-1.41699864744,-31.8455002016
100,-1.44507011621,-32.1419076353
101.157945426,-1.47360884349,-32.4397994712
102.329299228,-1.50261946999,-32.739150774
103.514216668,-1.53210657892,-33.0399358503
104.712854805,-1.56207469246,-33.3421282534
105.925372518,-1.59252826819,-33.6457007877
107.151930524,-1.62347169545,-33.9506255151
108.392691402,-1.65490929178,-34.2568737618
109.647819614,-1.68684529937,-34.5644161257
110.917481526,-1.71928388142,-34.8732224854
112.20184543,-1.75222911867,-35.1832620096
113.501081567,-1.78568500583,-35.4945031673
114.81536215,-1.81965544809,-35.806913739
116.144861384,-1.85414425766,-36.1204608292
117.489755494,-1.88915515035,-36.435110879
118.850222744,-1.92469174222,-36.7508296805
120.226443462,-1.96075754624,-37.0675823912
121.618600065,-1.99735596904,-37.3853335498
123.026877081,-2.03449030771,-37.7040470928
124.451461177,-2.07216374671,-38.0236863717
125.892541179,-2.11037935481,-38.3442141716
127.350308102,-2.14914008211,-38.6655927296
128.824955169,-2.18844875723,-38.9877837551
130.316677845,-2.22830808448,-39.3107484503
131.825673856,-2.26872064124,-39.6344475312
133.352143216,-2.30968887536,-39.9588412503
134.896288259,-2.35121510272,-40.2838894186
136.458313659,-2.39330150491,-40.6095514296
138.03842646,-2.43595012697,-40.9357862831
139.636836106,-2.47916287538,-41.2625526102
141.253754462,-2.52294151604,-41.5898086978
142.889395851,-2.56728767246,-41.9175125154
144.543977075,-2.61220282413,-42.2456217406
146.217717446,-2.65768830489,-42.5740937859
147.910838817,-2.70374530163,-42.9028858265
149.623565609,-2.75037485299,-43.2319548271
151.356124844,-2.7975778483,-43.5612575701
153.108746168,-2.84535502661,-43.8907506837
154.881661891,-2.89370697595,-44.2203906706
156.675107011,-2.94263413268,-44.5501339359
158.489319246,-2.99213678104,-44.8799368167
160.324539069,-3.04221505285,-45.2097556106
162.181009736,-3.09286892736,-45.5395466044
164.05897732,-3.14409823128,-45.8692661035
165.958690744,-3.19590263897,-46.1988704607
167.880401812,-3.24828167276,-46.5283161049
169.824365246,-3.3012347035,-46.8575595699
171.790838716,-3.35476095117,-47.1865575232
173.780082875,-3.40885948575,-47.5152667939
175.792361396,-3.46352922816,-47.8436444013
177.827941004,-3.51876895142,-48.1716475823
179.887091513,-3.57457728194,-48.4992338189
181.970085861,-3.63095270091,-48.8263608655
184.077200147,-3.68789354591,-49.1529867751
186.208713666,-3.74539801263,-49.479069926
188.364908949,-3.80346415673,-49.8045690469
190.546071796,-3.86208989579,-50.1294432422
192.752491319,-3.9212730115,-50.4536520167
194.984459976,-3.98101115184,-50.7771552992
197.242273611,-4.0413018335,-51.0999134659
199.526231497,-4.10214244431,-51.421887363
201.836636368,-4.1635302459,-51.7430383284
204.173794467,-4.22546237634,-52.0633282131
206.538015581,-4.28793585294,-52.3827194013
208.929613085,-4.3509475752,-52.7011748302
211.348903984,-4.41449432772,-53.0186580087
213.79620895,-4.4785727833,-53.3351330354
216.271852373,-4.54317950608,-53.6505646156
218.776162395,-4.60831095473,-53.964918078
221.309470961,-4.67396348573,-54.2781593896
223.872113857,-4.74013335673,-54.5902551706
226.464430759,-4.80681672987,-54.9011727082
229.086765277,-4.87400967529,-55.2108799689
231.739464997,-4.94170817453,-55.5193456109
234.422881532,-5.00990812408,-55.8265389949
237.137370566,-5.0786053389,-56.1324301943
239.883291902,-5.14779555597,-56.4369900042
242.661009508,-5.21747443784,-56.7401899502
245.470891569,-5.28763757628,-57.0420022954
248.31331053,-5.35828049579,-57.3424000475
251.188643151,-5.42939865723,-57.6413569639
254.097270555,-5.50098746139,-57.9388475571
257.039578277,-5.57304225258,-58.2348470987
260.015956317,-5.64555832214,-58.5293316223
263.02679919,-5.71853091204,-58.8222779261
266.07250598,-5.79195521832,-59.1136635747
269.153480393,-5.86582639463,-59.4034668994
272.270130808,-5.94013955564,-59.6916669987
275.422870334,-6.01488978046,-59.9782437376
278.612116863,-6.09007211601,-60.2631777459
281.838293126,-6.16568158034,-60.5464504164
285.10182675,-6.24171316589,-60.8280439019
288.403150313,-6.31816184274,-61.1079411118
291.7427014,-6.39502256174,-61.386125708
295.120922667,-6.47229025763,-61.6625821005
298.538261892,-6.5499598521,-61.9372954415
301.99517204,-6.62802625675,-62.2102516203
305.492111322,-6.70648437601,-62.4814372562
309.029543251,-6.78532911001,-62.7508396921
312.607936712,-6.86455535734,-63.018446987
316.227766017,-6.94415801776,-63.284247908
319.889510969,-7.02413199485,-63.548231922
323.59365693,-7.10447219855,-63.8103891872
327.340694879,-7.18517354768,-64.0707105441
331.131121483,-7.26623097232,-64.3291875054
334.965439158,-7.34763941615,-64.5858122469
338.844156139,-7.42939383874,-64.8405775971
342.767786546,-7.51148921769,-65.0934770266
346.736850453,-7.59392055075,-65.3445046378
350.751873953,-7.67668285788,-65.5936551536
354.813389234,-7.75977118313,-65.8409239065
358.921934645,-7.84318059656,-66.0863068269
363.07805477,-7.92690619603,-66.3298004321
367.282300498,-8.01094310889,-66.5714018141
371.535229097,-8.09528649366,-66.8111086278
375.837404288,-8.17993154155,-67.0489190793
380.189396321,-8.26487347801,-67.2848319137
384.591782045,-8.35010756407,-67.5188464028
389.045144994,-8.43562909776,-67.7509623329
393.550075456,-8.52143341534,-67.9811799929
398.107170554,-8.60751589249,-68.2095001615
402.717034325,-8.6938719455,-68.435924095
407.380277804,-8.78049703226,-68.6604535152
412.097519097,-8.86738665331,-68.8830905971
416.86938347,-8.95453635276,-69.1038379561
421.696503429,-9.04194171914,-69.3226986364
426.579518802,-9.12959838623,-69.5396760985
431.519076828,-9.21750203377,-69.754774207
436.51583224,-9.30564838818,-69.9679972189
441.570447353,-9.39403322317,-70.1793497712
446.683592151,-9.48265236029,-70.3888368693
451.855944375,-9.57150166949,-70.5964638752
457.088189615,-9.66057706954,-70.802236496
462.381021399,-9.74987452844,-71.0061607722
467.735141287,-9.83939006381,-71.2082430661
473.151258961,-9.92911974317,-71.4084900512
478.630092323,-10.0190596842,-71.6069087005
484.172367584,-10.1092060551,-71.803506276
489.778819368,-10.1995550743,-71.9982903174
495.450190805,-10.2901030114,-72.191268632
501.187233627,-10.3808461864,-72.382449284
506.990708275,-10.4717809704,-72.5718405841
512.861383991,-10.5629037852,-72.7594510797
518.800038929,-10.6542111035,-72.9452895446
524.80746025,-10.7456994488,-73.1293649696
530.884444231,-10.8373653953,-73.3116865526
537.03179637,-10.9292055677,-73.4922636896
543.250331492,-11.0212166413,-73.6711059652
549.540873858,-11.1133953414,-73.8482231435
555.90425727,-11.2057384437,-74.0236251598
562.34132519,-11.2982427733,-74.1973221115
568.852930844,-11.3909052052,-74.3693242497
575.439937337,-11.4837226636,-74.5396419712
582.103217771,-11.5766921216,-74.7082858103
588.843655356,-11.669810601,-74.8752664309
595.662143529,-11.763075172,-75.0405946191
602.559586074,-11.8564829527,-75.2042812752
609.53689724,-11.9500311088,-75.366337407
616.595001862,-12.0437168532,-75.5267741223
623.734835482,-12.1375374456,-75.685602622
630.95734448,-12.2314901921,-75.8428341937
638.263486191,-12.3255724446,-75.9984802046
645.654229035,-12.4197816007,-76.1525520958
653.130552647,-12.5141151029,-76.3050613755
660.693448008,-12.6085704382,-76.4560196134
668.343917569,-12.7031451378,-76.6054384346
676.082975392,-12.7978367766,-76.753329514
683.911647281,-12.8926429723,-76.8997045711
691.830970919,-12.9875613854,-77.044575364
699.841996002,-13.0825897186,-77.187953685
707.945784384,-13.177725716,-77.3298513551
716.143410213,-13.2729671628,-77.4702802193
724.435960075,-13.3683118848,-77.6092521419
732.824533139,-13.4637577478,-77.746779002
741.310241301,-13.5593026571,-77.8828726892
749.894209332,-13.6549445568,-78.017545099
758.577575029,-13.7506814298,-78.1508081293
767.361489362,-13.8465112964,-78.2826736759
776.247116629,-13.9424322147,-78.4131536291
785.23563461,-14.0384422794,-78.5422598697
794.328234724,-14.1345396215,-78.6700042656
803.526122186,-14.2307224078,-78.7963986687
812.830516164,-14.3269888402,-78.921454911
822.242649947,-14.4233371554,-79.0451848019
831.763771103,-14.5197656242,-79.1676001252
841.395141645,-14.6162725512,-79.2887126358
851.138038202,-14.7128562736,-79.4085340573
860.993752185,-14.8095151618,-79.5270760792
870.963589956,-14.9062476178,-79.6443503541
881.048873008,-15.0030520753,-79.7603684957
891.250938134,-15.099926999,-79.8751420759
901.571137606,-15.196870884,-79.988682623
912.010839356,-15.2938822555,-80.1010016192
922.571427155,-15.3909596682,-80.2121104988
933.254300797,-15.4881017058,-80.3220206461
944.060876286,-15.5853069803,-80.4307433936
954.992586021,-15.682574132,-80.53829002
966.05087899,-15.7799018284,-80.6446717488
977.237220956,-15.8772887644,-80.7498997466
988.553094657,-15.974733661,-80.8539851213
1000,-16.0722352658,-80.956938921
1011.57945426,-16.1697923516,-81.0587721324
1023.29299228,-16.2674037167,-81.1594956798
1035.14216668,-16.3650681838,-81.2591204232
1047.12854805,-16.4627846,-81.3576571581
1059.25372518,-16.5605518362,-81.4551166134
1071.51930524,-16.6583687869,-81.5515094512
1083.92691402,-16.7562343691,-81.6468462653
1096.47819614,-16.8541475226,-81.7411375806
1109.17481526,-16.9521072094,-81.834393852
1122.0184543,-17.0501124128,-81.9266254639
1135.01081567,-17.1481621378,-82.0178427293
1148.1536215,-17.2462554099,-82.1080558891
1161.44861384,-17.3443912754,-82.1972751114
1174.89755494,-17.4425688003,-82.2855104914
1188.50222744,-17.5407870707,-82.3727720502
1202.26443462,-17.6390451917,-82.4590697347
1216.18600065,-17.7373422875,-82.5444134173
1230.26877081,-17.8356775008,-82.6288128952
1244.51461177,-17.9340499925,-82.7122778901
1258.92541179,-18.0324589413,-82.7948180481
1273.50308102,-18.1309035436,-82.8764429393
1288.24955169,-18.2293830126,-82.9571620573
1303.16677845,-18.3278965787,-83.0369848197
1318.25673856,-18.4264434884,-83.1159205673
1333.52143216,-18.5250230047,-83.1939785641
1348.96288259,-18.6236344061,-83.2711679976
1364.58313659,-18.7222769868,-83.347497978
1380.3842646,-18.8209500561,-83.422977539
1396.36836106,-18.9196529382,-83.4976156373
1412.53754462,-19.018384972,-83.5714211527
1428.89395851,-19.1171455104,-83.644402888
1445.43977075,-19.2159339206,-83.7165695696
1462.17717446,-19.3147495832,-83.7879298469
1479.10838817,-19.4135918926,-83.8584922932
1496.23565609,-19.512460256,-83.9282654049
1513.56124844,-19.6113540936,-83.9972576027
1531.08746168,-19.7102728384,-84.0654772309
1548.81661891,-19.8092159353,-84.1329325582
1566.75107011,-19.9081828417,-84.1996317777
1584.89319246,-20.0071730268,-84.265583007
1603.24539069,-20.1061859711,-84.3307942887
1621.81009736,-20.2052211668,-84.3952735906
1640.5897732,-20.304278117,-84.4590288061
1659.58690744,-20.4033563357,-84.5220677541
1678.80401812,-20.5024553477,-84.5843981799
1698.24365246,-20.6015746881,-84.6460277551
1717.90838716,-20.7007139022,-84.7069640781
1737.80082875,-20.7998725452,-84.7672146745
1757.92361396,-20.8990501824,-84.8267869973
1778.27941004,-20.9982463884,-84.8856884275
1798.87091513,-21.0974607473,-84.9439262744
1819.70085861,-21.1966928521,-85.0015077759
1840.77200147,-21.2959423052,-85.0584400991
1862.08713666,-21.3952087175,-85.1147303405
1883.64908949,-21.4944917086,-85.1703855266
1905.46071796,-21.5937909064,-85.2254126143
1927.52491319,-21.6931059471,-85.2798184912
1949.84459976,-21.792436475,-85.3336099764
1972.42273611,-21.8917821423,-85.3867938204
1995.26231497,-21.9911426087,-85.439376706
2018.36636368,-22.0905175417,-85.4913652488
2041.73794467,-22.189906616,-85.5427659972
2065.38015581,-22.2893095136,-85.5935854335
2089.29613085,-22.3887259236,-85.6438299736
2113.48903984,-22.488155542,-85.6935059685
2137.9620895,-22.5875980715,-85.7426197038
2162.71852373,-22.6870532214,-85.7911774006
2187.76162395,-22.7865207076,-85.8391852163
2213.09470961,-22.8860002521,-85.8866492446
2238.72113857,-22.9854915834,-85.9335755161
2264.64430759,-23.0849944359,-85.9799699991
2290.86765277,-23.1845085498,-86.0258385995
2317.39464997,-23.2840336714,-86.0711871622
2344.22881532,-23.3835695523,-86.1160214707
2371.37370566,-23.4831159499,-86.160347248
2398.83291902,-23.582672627,-86.2041701573
2426.61009508,-23.6822393516,-86.2474958021
2454.70891569,-23.7818158971,-86.2903297269
2483.1331053,-23.8814020416,-86.3326774179
2511.88643151,-23.9809975685,-86.374544303
2540.97270555,-24.080602266,-86.4159357528
2570.39578277,-24.1802159269,-86.4568570808
2600.15956317,-24.2798383487,-86.4973135442
2630.2679919,-24.3794693335,-86.5373103439
2660.7250598,-24.4791086879,-86.5768526256
2691.53480393,-24.5787562226,-86.6159454799
2722.70130808,-24.6784117528,-86.6545939428
2754.22870334,-24.7780750976,-86.6928029965
2786.12116863,-24.8777460805,-86.7305775696
2818.38293126,-24.9774245286,-86.7679225377
2851.0182675,-25.0771102731,-86.8048427238
2884.03150313,-25.176803149,-86.8413428992
2917.427014,-25.2765029949,-86.8774277832
2951.20922667,-25.3762096531,-86.9131020444
2985.38261892,-25.4759229694,-86.9483703007
3019.9517204,-25.5756427932,-86.98323712
3054.92111322,-25.6753689771,-87.0177070206
3090.29543251,-25.7751013771,-87.0517844714
3126.07936712,-25.8748398525,-87.0854738931
3162.27766017,-25.9745842657,-87.1187796579
3198.89510969,-26.0743344823,-87.1517060904
3235.9365693,-26.1740903707,-87.184257468
3273.40694879,-26.2738518025,-87.2164380213
3311.31121483,-26.3736186522,-87.2482519345
3349.65439158,-26.4733907969,-87.2797033461
3388.44156139,-26.5731681167,-87.310796349
3427.67786546,-26.6729504942,-87.3415349914
3467.36850453,-26.7727378149,-87.3719232769
3507.51873953,-26.8725299668,-87.4019651649
3548.13389234,-26.9723268402,-87.4316645715
3589.21934645,-27.0721283282,-87.4610253693
3630.7805477,-27.1719343261,-87.4900513885
3672.82300498,-27.2717447316,-87.5187464168
3715.35229097,-27.3715594448,-87.5471142002
3758.37404288,-27.4713783681,-87.575158443
3801.89396321,-27.5712014058,-87.6028828088
3845.91782045,-27.6710284648,-87.6302909205
3890.45144994,-27.7708594537,-87.6573863608
3935.50075456,-27.8706942834,-87.6841726727
3981.07170554,-27.9705328668,-87.7106533598
4027.17034325,-28.0703751187,-87.7368318869
4073.80277804,-28.1702209558,-87.7627116802
4120.97519097,-28.2700702968,-87.7882961278
4168.6938347,-28.3699230622,-87.81358858
4216.96503429,-28.4697791742,-87.83859235
4265.79518802,-28.569638557,-87.8633107138
4315.19076828,-28.6695011361,-87.8877469109
4365.1583224,-28.7693668392,-87.9119041449
4415.70447353,-28.8692355951,-87.9357855835
4466.83592151,-28.9691073348,-87.9593943587
4518.55944375,-29.0689819903,-87.982733568
4570.88189615,-29.1688594956,-88.0058062739
4623.81021399,-29.2687397858,-88.0286155047
4677.35141287,-29.3686227978,-88.0511642548
4731.51258962,-29.4685084696,-88.0734554852
4786.30092323,-29.568396741,-88.0954921234
4841.72367584,-29.6682875529,-88.1172770644
4897.78819368,-29.7681808476,-88.1388131705
4954.50190805,-29.8680765686,-88.160103272
5011.87233627,-29.9679746609,-88.1811501673
5069.90708275,-30.0678750706,-88.2019566235
5128.61383991,-30.167777745,-88.2225253764
5188.00038929,-30.2676826327,-88.2428591312
5248.0746025,-30.3675896835,-88.2629605626
5308.84444231,-30.4674988481,-88.2828323154
5370.3179637,-30.5674100785,-88.3024770042
5432.50331492,-30.6673233278,-88.3218972146
5495.40873858,-30.7672385501,-88.3410955028
5559.0425727,-30.8671557006,-88.3600743962
5623.4132519,-30.9670747355,-88.3788363939
5688.52930844,-31.0669956119,-88.3973839667
5754.39937337,-31.166918288,-88.4157195573
5821.03217771,-31.2668427228,-88.4338455812
5888.43655356,-31.3667688765,-88.4517644265
5956.62143529,-31.4666967099,-88.4694784542
6025.59586074,-31.5666261848,-88.4869899988
6095.3689724,-31.666557264,-88.5043013683
6165.95001862,-31.7664899109,-88.5214148447
6237.34835482,-31.86642409,-88.5383326842
6309.5734448,-31.9663597664,-88.5550571173
6382.63486191,-32.0662969061,-88.5715903494
6456.54229035,-32.1662354757,-88.5879345611
6531.30552648,-32.2661754429,-88.6040919082
6606.93448008,-32.3661167757,-88.6200645218
6683.43917569,-32.4660594432,-88.6358545093
6760.82975392,-32.566003415,-88.6514639541
6839.11647281,-32.6659486615,-88.6668949158
6918.30970919,-32.7658951537,-88.6821494309
6998.41996002,-32.8658428632,-88.6972295126
7079.45784384,-32.9657917624,-88.7121371516
7161.43410213,-33.0657418242,-88.7268743156
7244.35960075,-33.1656930222,-88.7414429504
7328.24533139,-33.2656453305,-88.7558449793
7413.10241301,-33.3655987239,-88.7700823041
7498.94209332,-33.4655531777,-88.784156805
7585.77575029,-33.5655086678,-88.7980703406
7673.61489362,-33.6654651706,-88.8118247487
7762.47116629,-33.7654226632,-88.825421846
7852.3563461,-33.8653811229,-88.8388634286
7943.28234724,-33.9653405278,-88.8521512724
8035.26122186,-34.0653008564,-88.8652871329
8128.30516164,-34.1652620877,-88.8782727457
8222.42649947,-34.2652242011,-88.8911098267
8317.63771103,-34.3651871766,-88.9038000723
8413.95141645,-34.4651509946,-88.9163451595
8511.38038202,-34.5651156359,-88.9287467465
8609.93752185,-34.6650810818,-88.9410064724
8709.63589956,-34.765047314,-88.9531259577
8810.48873008,-34.8650143146,-88.9651068045
8912.50938134,-34.964982066,-88.9769505966
9015.71137606,-35.0649505513,-88.9886588999
9120.10839356,-35.1649197538,-89.0002332624
9225.71427155,-35.2648896571,-89.0116752145
9332.54300797,-35.3648602453,-89.0229862691
9440.60876286,-35.4648315027,-89.0341679221
9549.92586021,-35.5648034143,-89.045221652
9660.5087899,-35.664775965,-89.0561489208
9772.37220956,-35.7647491404,-89.0669511736
9885.53094657,-35.8647229262,-89.0776298394
10000,-35.9646973086,-89.0881863304
10115.7945426,-36.064672274,-89.0986220431
10232.9299228,-36.1646478091,-89.108938358
10351.4216668,-36.2646239009,-89.1191366398
10471.2854805,-36.3646005369,-89.1292182378
10592.5372518,-36.4645777045,-89.1391844856
10715.1930524,-36.5645553918,-89.1490367019
10839.2691402,-36.6645335868,-89.1587761903
10964.7819614,-36.7645122781,-89.1684042396
11091.7481526,-36.8644914543,-89.1779221236
11220.184543,-36.9644711045,-89.1873311018
11350.1081567,-37.0644512177,-89.1966324195
11481.536215,-37.1644317836,-89.2058273075
11614.4861384,-37.2644127918,-89.2149169828
11748.9755494,-37.3643942321,-89.2239026482
11885.0222744,-37.4643760949,-89.232785493
12022.6443462,-37.5643583704,-89.2415666931
12161.8600065,-37.6643410494,-89.2502474106
12302.6877081,-37.7643241225,-89.2588287946
12445.1461177,-37.8643075809,-89.2673119809
12589.2541179,-37.9642914157,-89.2756980927
12735.0308102,-38.0642756185,-89.2839882399
12882.4955169,-38.1642601808,-89.29218352
13031.6677845,-38.2642450944,-89.300285018
13182.5673856,-38.3642303514,-89.3082938065
13335.2143216,-38.464215944,-89.3162109456
13489.6288259,-38.5642018644,-89.3240374837
13645.8313659,-38.6641881053,-89.331774457
13803.842646,-38.7641746594,-89.3394228898
13963.6836106,-38.8641615195,-89.3469837948
14125.3754462,-38.9641486786,-89.3544581733
14288.9395851,-39.06413613,-89.3618470148
14454.3977075,-39.164123867,-89.3691512979
14621.7717446,-39.2641118831,-89.3763719896
14791.0838817,-39.364100172,-89.3835100463
14962.3565609,-39.4640887274,-89.3905664131
15135.6124844,-39.5640775433,-89.3975420245
15310.8746168,-39.6640666137,-89.4044378043
15488.1661891,-39.7640559329,-89.4112546657
15667.5107011,-39.8640454953,-89.4179935116
15848.9319246,-39.9640352951,-89.4246552343
16032.4539069,-40.0640253272,-89.4312407163
16218.1009736,-40.1640155861,-89.4377508296
16405.897732,-40.2640060667,-89.4441864365
16595.8690744,-40.363996764,-89.4505483894
16788.0401812,-40.463987673,-89.456837531
16982.4365246,-40.563978789,-89.4630546942
17179.0838716,-40.6639701071,-89.4692007026
17378.0082875,-40.7639616229,-89.4752763702
17579.2361396,-40.8639533317,-89.4812825019
17782.7941004,-40.9639452293,-89.4872198931
17988.7091513,-41.0639373113,-89.4930893303
18197.0085861,-41.1639295735,-89.4988915912
18407.7200147,-41.2639220119,-89.5046274442
18620.8713666,-41.3639146223,-89.5102976492
18836.4908949,-41.463907401,-89.5159029574
19054.6071796,-41.563900344,-89.5214441112
19275.2491319,-41.6638934476,-89.5269218447
19498.4459976,-41.7638867082,-89.5323368837
19724.2273611,-41.8638801223,-89.5376899454
19952.6231497,-41.9638736862,-89.5429817391
20183.6636368,-42.0638673966,-89.5482129657
20417.3794467,-42.1638612501,-89.5533843185
20653.8015581,-42.2638552436,-89.5584964824
20892.9613085,-42.3638493738,-89.5635501347
21134.8903984,-42.4638436376,-89.568545945
21379.620895,-42.5638380319,-89.5734845753
21627.1852373,-42.6638325539,-89.5783666797
21877.6162395,-42.7638272005,-89.5831929051
22130.9470961,-42.863821969,-89.587963891
22387.2113857,-42.9638168566,-89.5926802695
22646.4430759,-43.0638118605,-89.5973426655
22908.6765277,-43.1638069782,-89.6019516968
23173.9464997,-43.263802207,-89.6065079739
23442.2881532,-43.3637975443,-89.6110121007
23713.7370566,-43.4637929879,-89.6154646739
23988.3291902,-43.5637885351,-89.6198662834
24266.1009508,-43.6637841837,-89.6242175126
24547.0891569,-43.7637799313,-89.6285189379
24831.331053,-43.8637757757,-89.6327711293
25118.8643151,-43.9637717147,-89.6369746503
25409.7270555,-44.0637677462,-89.6411300578
25703.9578277,-44.1637638679,-89.6452379025
26001.5956317,-44.263760078,-89.6492987286
26302.679919,-44.3637563743,-89.6533130743
26607.250598,-44.4637527549,-89.6572814715
26915.3480393,-44.5637492179,-89.6612044461
27227.0130808,-44.6637457614,-89.6650825179
27542.2870334,-44.7637423836,-89.6689162008
27861.2116863,-44.8637390827,-89.6727060027
28183.8293126,-44.9637358569,-89.676452426
28510.182675,-45.0637327046,-89.6801559671
28840.3150313,-45.1637296239,-89.6838171167
29174.27014,-45.2637266135,-89.68743636
29512.0922667,-45.3637236715,-89.6910141767
29853.8261892,-45.4637207965,-89.6945510407
30199.517204,-45.5637179869,-89.6980474209
30549.2111322,-45.6637152413,-89.7015037806
30902.9543251,-45.7637125582,-89.7049205778
31260.7936712,-45.8637099362,-89.7082982653
31622.7766017,-45.9637073738,-89.7116372908
31988.9510969,-46.0637048698,-89.7149380966
32359.365693,-46.1637024228,-89.7182011203
32734.0694879,-46.2637000315,-89.7214267943
33113.1121483,-46.3636976946,-89.724615546
33496.5439158,-46.4636954109,-89.7277677981
33884.4156139,-46.5636931791,-89.7308839682
34276.7786546,-46.6636909982,-89.7339644694
34673.6850453,-46.7636888669,-89.73700971
35075.1873953,-46.8636867842,-89.7400200933
35481.3389234,-46.9636847488,-89.7429960186
35892.1934645,-47.0636827598,-89.74593788
36307.805477,-47.163680816,-89.7488460676
36728.2300498,-47.2636789165,-89.7517209667
37153.5229097,-47.3636770602,-89.7545629583
37583.7404288,-47.4636752462,-89.7573724191
38018.9396321,-47.5636734735,-89.7601497214
38459.1782045,-47.6636717411,-89.7628952334
38904.5144994,-47.7636700482,-89.7656093187
39355.0075456,-47.8636683938,-89.7682923372
39810.7170554,-47.963666777,-89.7709446445
40271.7034325,-48.0636651971,-89.773566592
40738.0277804,-48.1636636531,-89.7761585273
41209.7519097,-48.2636621442,-89.7787207938
41686.938347,-48.3636606697,-89.7812537312
42169.6503429,-48.4636592288,-89.7837576751
42657.9518802,-48.5636578207,-89.7862329574
43151.9076828,-48.6636564446,-89.7886799062
43651.583224,-48.7636550998,-89.7910988457
44157.0447353,-48.8636537857,-89.7934900967
44668.3592151,-48.9636525015,-89.7958539758
45185.5944375,-49.0636512465,-89.7981907966
45708.8189615,-49.16365002,-89.8005008687
46238.1021399,-49.2636488215,-89.8027844982
46773.5141287,-49.3636476503,-89.8050419879
47315.1258962,-49.4636465057,-89.8072736369
47863.0092323,-49.5636453872,-89.8094797409
48417.2367584,-49.6636442941,-89.8116605925
48977.8819368,-49.7636432259,-89.8138164806
49545.0190805,-49.8636421821,-89.815947691
50118.7233627,-49.9636411619,-89.8180545061
50699.0708275,-50.0636401651,-89.8201372052
51286.1383991,-50.1636391909,-89.8221960643
51880.0038929,-50.2636382388,-89.8242313563
52480.746025,-50.3636373085,-89.8262433509
53088.4444231,-50.4636363993,-89.8282323148
53703.179637,-50.5636355108,-89.8301985117
54325.0331492,-50.6636346426,-89.832142202
54954.0873858,-50.7636337941,-89.8340636436
55590.425727,-50.8636329649,-89.8359630909
56234.132519,-50.9636321546,-89.8378407958
56885.2930844,-51.0636313628,-89.8396970071
57543.9937337,-51.1636305889,-89.8415319709
58210.3217771,-51.2636298327,-89.8433459303
58884.3655356,-51.3636290937,-89.8451391258
59566.2143529,-51.4636283715,-89.8469117951
60255.9586074,-51.5636276658,-89.8486641731
60953.689724,-51.6636269761,-89.8503964921
61659.5001862,-51.7636263021,-89.8521089816
62373.4835482,-51.8636256435,-89.8538018687
63095.734448,-51.9636249999,-89.8554753777
63826.3486191,-52.0636243709,-89.8571297305
64565.4229035,-52.1636237562,-89.8587651463
65313.0552648,-52.2636231555,-89.8603818419
66069.3448008,-52.3636225685,-89.8619800315
66834.3917569,-52.4636219948,-89.863559927
67608.2975392,-52.5636214342,-89.8651217378
68391.1647281,-52.6636208864,-89.8666656709
69183.0970919,-52.763620351,-89.8681919309
69984.1996002,-52.8636198279,-89.8697007202
70794.5784384,-52.9636193166,-89.8711922386
71614.3410213,-53.063618817,-89.872666684
72443.5960075,-53.1636183287,-89.8741242517
73282.4533139,-53.2636178516,-89.8755651349
74131.0241301,-53.3636173853,-89.8769895246
74989.4209333,-53.4636169296,-89.8783976097
75857.7575029,-53.5636164843,-89.8797895766
76736.1489362,-53.6636160492,-89.88116561
77624.7116629,-53.7636156239,-89.8825258921
78523.563461,-53.8636152083,-89.8838706034
79432.8234724,-53.9636148022,-89.8851999221
80352.6122186,-54.0636144054,-89.8865140242
81283.0516164,-54.1636140175,-89.8878130841
82224.2649947,-54.2636136385,-89.8890972739
83176.3771103,-54.3636132681,-89.8903667638
84139.5141645,-54.4636129062,-89.8916217221
85113.8038202,-54.5636125525,-89.892862315
86099.3752185,-54.6636122068,-89.8940887072
87096.3589956,-54.763611869,-89.895301061
88104.8873008,-54.8636115389,-89.8964995372
89125.0938134,-54.9636112163,-89.8976842947
90157.1137606,-55.0636109011,-89.8988554904
91201.0839356,-55.163610593,-89.9000132797
92257.1427155,-55.263610292,-89.9011578159
93325.4300797,-55.3636099978,-89.9022892509
94406.0876286,-55.4636097103,-89.9034077344
95499.2586022,-55.5636094293,-89.9045134149
96605.087899,-55.6636091547,-89.9056064388
97723.7220956,-55.7636088864,-89.906686951
98855.3094657,-55.8636086242,-89.9077550948
100000,-55.963608368,-89.9088110117
